[{"Id":0,"Name":"Start","Description":"Minimal plan for beginer internet users","CreatedAt":1606089600000,"UpdatedAt":null,"ClosedAt":null,"Enabled":true,"Attrs":"I,1000,24"},{"Id":1,"Name":"StartPlus","Description":"Minmal plan for beginer internet users and 100 min calls","CreatedAt":1606867200000,"UpdatedAt":null,"ClosedAt":null,"Enabled":true,"Attrs":"I,1000,24,100m"},{"Id":2,"Name":"StartPlusTV","Description":"Internet TV plus minmal plan for beginer internet users and 100 min calls","CreatedAt":1606953600000,"UpdatedAt":null,"ClosedAt":null,"Enabled":true,"Attrs":"I,1000,24,100m,ITV"},{"Id":3,"Name":"NightKnight","Description":"Minimal plan for beginer internet users with unlimit of night traffic","CreatedAt":1609113600000,"UpdatedAt":null,"ClosedAt":null,"Enabled":true,"Attrs":"I,1000+U,24"},{"Id":4,"Name":"Standard","Description":"Typical plan with 10Gb internet traffic per month and 200m for calls","CreatedAt":1609113600000,"UpdatedAt":null,"ClosedAt":null,"Enabled":true,"Attrs":"I,10000,-,200m"},{"Id":5,"Name":"StandardTV","Description":"Typical plan with 10Gb internet traffic per month, 200m for calls and internet TV","CreatedAt":1606867200000,"UpdatedAt":null,"ClosedAt":null,"Enabled":true,"Attrs":"I,10000,-,200m,ITV"},{"Id":6,"Name":"AllInOne","Description":"Unlimited internet traffic, 500 min calls, internet TV","CreatedAt":1610668800000,"UpdatedAt":1611100800000,"ClosedAt":null,"Enabled":true,"Attrs":"I,Unlim,-,500m,ITV"},{"Id":7,"Name":"Maximum","Description":"Unlimited internet traffic, 700 min calls, internet TV, game set subscribe","CreatedAt":1612137600000,"UpdatedAt":null,"ClosedAt":null,"Enabled":true,"Attrs":"I,Unlim,-,700m,ITV,G"},{"Id":8,"Name":"StandardLite","Description":"Typical plan with 5Gb internet traffic per month and 200m for calls","CreatedAt":1609113600000,"UpdatedAt":null,"ClosedAt":1704067200000,"Enabled":false,"Attrs":"I,5000,-,200m"},{"Id":9,"Name":"StandardGames","Description":"Typical plan with 10Gb internet traffic per month and 200m for calls and game set subscribe","CreatedAt":1609113600000,"UpdatedAt":null,"ClosedAt":1704067200000,"Enabled":false,"Attrs":"I,10000,-,200m,G"},{"Id":10,"Name":"StandardCompany","Description":"Unlimited internet traffic with 50MB\/s throughput","CreatedAt":1613088000000,"UpdatedAt":null,"ClosedAt":null,"Enabled":true,"Attrs":"I,50000,C,-"},{"Id":11,"Name":"MiddleCompany","Description":"Unlimited internet traffic with 100MB\/s throughput","CreatedAt":1613088000000,"UpdatedAt":null,"ClosedAt":null,"Enabled":true,"Attrs":"I,100000,C,-"},{"Id":12,"Name":"MaxCompany","Description":"Unlimited internet traffic with 200MB\/s throughput and IP PBX","CreatedAt":1640995200000,"UpdatedAt":null,"ClosedAt":null,"Enabled":true,"Attrs":"I,200000,C,PBX"},{"Id":12,"Name":"LiteCompany","Description":"Unlimited internet traffic with 10MB\/s throughput","CreatedAt":1613088000000,"UpdatedAt":null,"ClosedAt":1670025600000,"Enabled":false,"Attrs":"I,10000,C"}]